iter	Accuracy	Logloss
0	0.7529339572	0.6531809765
50	0.8833320549	0.3203550052
100	0.9273605891	0.2386868714
150	0.9627981898	0.1723676241
200	0.984428933	0.1246213939
250	0.9936335046	0.09443689364
300	0.9979289714	0.07231777946
350	0.9994630667	0.05687179299
400	0.9999232952	0.04487524098
450	1	0.03620821707
500	1	0.02982171886
550	1	0.02464330474
600	1	0.02059216725
650	1	0.01745754838
700	1	0.01497954374
750	1	0.01303949944
799	1	0.0113796522
